,housing_day_1,utilities_day_1,food_groceries_day_1,healthcare_day_1,transportation_day_1,debt_repayment_day_1,insurance_day_1,childcare_family_day_1,education_day_1,lifestyle_and_discretionary_day_1,entertainment_day_1,personal_expenses_day_1,gifts_and_donations_day_1,Miscellaneous_day_1,,housing_day_2,utilities_day_2,food_groceries_day_2,healthcare_day_2,transportation_day_2,debt_repayment_day_2,insurance_day_2,childcare_family_day_2,education_day_2,lifestyle_and_discretionary_day_2,entertainment_day_2,personal_expenses_day_2,gifts_and_donations_day_2,Miscellaneous_day_2,,housing_day_3,utilities_day_3,food_groceries_day_3,healthcare_day_3,transportation_day_3,debt_repayment_day_3,insurance_day_3,childcare_family_day_3,education_day_3,lifestyle_and_discretionary_day_3,entertainment_day_3,personal_expenses_day_3,gifts_and_donations_day_3,Miscellaneous_day_3,,housing_day_4,utilities_day_4,food_groceries_day_4,healthcare_day_4,transportation_day_4,debt_repayment_day_4,insurance_day_4,childcare_family_day_4,education_day_4,lifestyle_and_discretionary_day_4,entertainment_day_4,personal_expenses_day_4,gifts_and_donations_day_4,Miscellaneous_day_4,,housing_day_5,utilities_day_5,food_groceries_day_5,healthcare_day_5,transportation_day_5,debt_repayment_day_5,insurance_day_5,childcare_family_day_5,education_day_5,lifestyle_and_discretionary_day_5,entertainment_day_5,personal_expenses_day_5,gifts_and_donations_day_5,Miscellaneous_day_5,,housing_day_6,utilities_day_6,food_groceries_day_6,healthcare_day_6,transportation_day_6,debt_repayment_day_6,insurance_day_6,childcare_family_day_6,education_day_6,lifestyle_and_discretionary_day_6,entertainment_day_6,personal_expenses_day_6,gifts_and_donations_day_6,Miscellaneous_day_6,,housing_day_7,utilities_day_7,food_groceries_day_7,healthcare_day_7,transportation_day_7,debt_repayment_day_7,insurance_day_7,childcare_family_day_7,education_day_7,lifestyle_and_discretionary_day_7,entertainment_day_7,personal_expenses_day_7,gifts_and_donations_day_7,Miscellaneous_day_7,sentiment,,
Jan week 1,,,,,,,,9000,,,17000,6000,9800,,,,,,,,,,,,,,,,,,,,,,,,,,,,,,,,,,,,,,,,,,,,400,,,,,,,,,,,,,,,,,,,,,,,,,,,,,,,,,,,,,,,,,,,,,,,,very positive,42200,174100
Jan week 2,,,,,,,,,,,,,,,,,,,,,,,,,,,,,,,,,24000,,,,,,,,,,,,,,,,,,,,,,,,,,,,,,,,,,,,,,,,,,,,,,,,,,,,,,,,,,,,,,500,,,,,,5000,4000,,,very positive,33500,
Jan week 3,,,200,,,,,,,,,,,,,,,,,,,,,,,,,,,,,,,,,,,,,,,,,,,,,400,,,,,,,,,,,,,,,,,,,,,,,,,,,,,,,,,,,,,,,,,,,,,10700,,,,,,,,,,,,Neutral,11300,
Jan week 4,,,,,,,,,,,,,,,,,,,,,,,,,,,,,300,,,,,,,,,,,,,,,,,,,,,,,,,,,,,,,,,,,,,,,,,,,,,,,,,,,,,14000,,,,,,,,,,28600,,,,,,,,5000,,,,,Negetive,47900,
Jan week 5,,,,,,28000,,,,,,,,,,,,2700,,,,,,,,,,,,,,,8500,,,,,,,,,,,,,,,,,,,,,,,,,,,,,,,,,,,,,,,,,,,,,,,,,,,,,,,,,,,,,,,,,,,,,,,,Negetive,39200,
,,,,,,,,,,,,,,,,,,,,,,,,,,,,,,,,,,,,,,,,,,,,,,,,,,,,,,,,,,,,,,,,,,,,,,,,,,,,,,,,,,,,,,,,,,,,,,,,,,,,,,,,,,,
Feb week 1,,,,,,,,,,,,,,,,,,,,,,,,,,,,,,,,,,,,,,,,,,,,,,,,,,,,,,,,,,,,,,,,,,,,,,5000,,1000,,,,,,,,,,,,,,,,,,,,,12300,,,,,,,,6000,,,,Positive,24300,153100
Feb week 2,,,,,500,,,,,,800,,,,,,,,,10000,,,,,,,,,,,,,,,,,,,,,,,,,,,,,,,,,,,,,,,,,,,,,,,,,,,,,,,,,,,,400,,,,,,,500,,,,,,,,,,,,,8000,,,,,Positive,20200,
Feb week 3,,,,,,,,,,2000,,,,,,,,,,,,,,,,,,,,,,,,,,,,,,,,,,,,,,,,500,,,,,,9000,,,,,,,,,,,,,,,,,,,,,,,,,,,,,,,,,,,,,,,,,,,,,,,,,Very positive,11500,
Feb week 4,,,,4500,1900,,,,,,,,,,,,,,6900,300,,14000,,,,,,,,,,,,,,,,,,,,,,,,,,,,,,,,,,,,,,,,,,,,,,,,,,,,,,,,,,,,,,,,,,,,,,,,,,,,,,,,,,,Very positive,27600,
Feb week 5,,,,,,,,,,,,,,,,,,,,,,,,,,,,,,,,,9500,,,28000,,,,,,,,,,,32000,,,,,,,,,,,,,,,,,,,,,,,,,,,,,,,,,,,,,,,,,,,,,,,,,,,,,,,,,,Very negetive,69500,
,,,,,,,,,,,,,,,,,,,,,,,,,,,,,,,,,,,,,,,,,,,,,,,,,,,,,,,,,,,,,,,,,,,,,,,,,,,,,,,,,,,,,,,,,,,,,,,,,,,,,,,,,,,
march week 1,,,,,,,,,,,,,,,,,,,,,,,,,,,,,,,,,,,,,,,,,,,,,,,,,,,,,,,,,,,,,,,,,,,,,,,,,,,,,,,,,,,,,,1200,,,,,,,,,,,,,,,,,,,Negetive,1200,137920
march week 2,,,,,,,,,,,,,,,,,,,,,,,,,,,,,,,,,,,,,,,,,,,,,,,,,,,,,,,,,,,,,,,,,,,,,,,,,,,,,,,,,,,,,,,,,,,,,1000,,,,,,,,,2000,,1000,Very positive,4000,
march week 3,,,800,,700,,,,,,,,100,,,,,400,,400,,,,,,,,,,,,,16000,,2000,,,,,,,7000,,,,,,600,,,,,,,,,600,200,,,,,,,400,,,,,,,,,,,,,,,,,,,,,,,,,,,,,,,,,,,,,,,,Negetive,29200,
march week 4,,,,,,,,,,,,,,,,,,,,,,,,,,,,,,,,,,5500,,,,,,,,,,,,,,,,,,,,,,,,,,,,,,,,,,,,,,,,,,,,9600,200,,,,,,,,,,,,,,,,,,,,,,,,,,Negetive,15300,
march week 5,,,,,400,,,,,,,,,,,,,120,,700,,,,,,,,,,,,,,,,,14000,,,,,,,,,,,,,,28000,,,,,,,,,,,,,,,,,,,,,,,,,,,,,,,,,,9000,,,,,,,36000,,,,,,,,,,,,,Very negetive,88220,
,,,,,,,,,,,,,,,,,,,,,,,,,,,,,,,,,,,,,,,,,,,,,,,,,,,,,,,,,,,,,,,,,,,,,,,,,,,,,,,,,,,,,,,,,,,,,,,,,,,,,,,,,,,
april week 1,,,,,,,,,,,,,,,,,,,,,,,,,,,,,200,,,,27000,,5000,,,,,,6000,4000,14000,,,,,,,,,,,,,,,,,,,,,,,,,,,,,,,,,,,,,,,,,,,,,,,,,,,,,,,6000,,,3000,,,,Very positive,65200,189700
april week 2,,,,,6000,,,,,,,,,,,,,,,,,,,,,,,,,,,,,,,,,,,,,,,,,,,500,,400,,,,,,1800,,,,,,,,,,,,,,,,,,,,,,,,,,,,,,,,,,,,,,,800,,,,,,,,,, positive,9500,
april week 3,,,900,,900,,,,,3000,,,,,,,,,,,,,,,,,,,,,,,,,,,,,,,,,,400,,,,,,,,,,,,,,,,,,,,1000,200,,,,,,,500,,,,,,,,,,,,,,,,,,,,,,,,,,,,,,,,, positive,6900,
april week 4,,,,,,,,,,,,,,,,,,,,,,,,,1200,4000,,,,,,,,,,,,,,,,,,,,,,,,,,,,,,,,,,,,,,,,,,,,,,,,,,,,,,,,14000,,,,,,,,,,44600,,,6700,28000,,,,,,,,, positive,98500,
april week 5,,,,,,,,,,2700,6000,,,,,,,400,,500,,,,,,,,,,,,,,,,,,,,,,,,,,,,,,,,,,,,,,,,,,,,,,,,,,,,,,,,,,,,,,,,,,,,,,,,,,,,,,,,,,,,,Neutral,9600,
,,,,,,,,,,,,,,,,,,,,,,,,,,,,,,,,,,,,,,,,,,,,,,,,,,,,,,,,,,,,,,,,,,,,,,,,,,,,,,,,,,,,,,,,,,,,,,,,,,,,,,,,,,,
may week 1,,,,,,,,,,,,,,,,,,,,,,,,,,,,,,,,,19400,,,,,,,,,,,,,,,,,,,,,,,,,,,,,,,,600,,,,,,,,,,,,,,,,,,,,,,,,,,,,4000,,,,,,,,,,,,Negetive,24000,130860
may week 2,,,,,,,,,,,,,,,,,,,,,,,,,,,,,,,,,,,,,,,,,,,,,,,,,,400,,,,,,,,,,,,,,,,,,,,,,,,,,,,260,,400,,,,,5000,,,,,,,,,,,,,,,,,,,,Neutral,6060,
may week 3,,,200,,,,,,,,,,,,,,,,,,,,,,,,,,,,,,,,,,,,,,,,,,,,,,,,,,,,,,,,,,,,700,,,,,,,,,,,,,,,,,,,,,,,,,,,,,,8700,,2000,,,,,,8000,,,,Very positive,19600,
may week 4,,,,,,,,,,,,,,,,,,,,,,,,,,,,,,,,,,,,,,,,,,,,,,,,400,,,,,,,6000,,,,,,,,,,400,,,,,,,900,,,,,,1900,,2400,,,,,,,,,,,,,,,,,,,,10000,4500,,,,Very positive,26500,
may week 5,,,400,,,,14000,,,,,,,,,,,,,10000,,,,,,,,,,,,29900,,,,,,,,,,,,,,,,,,400,,,,,,,,,,,,,,,,,,,,,,,,,,,,,,,,,,,,,,,,,,,,,,,,,,,,,,,Neutral,54700,
,,,,,,,,,,,,,,,,,,,,,,,,,,,,,,,,,,,,,,,,,,,,,,,,,,,,,,,,,,,,,,,,,,,,,,,,,,,,,,,,,,,,,,,,,,,,,,,,,,,,,,,,,,,
june week 1,,,,,,,,,,,,,,,,,,,,,,,,,,,,,,,,,,,,,,,,,,,,,,,,,,,,,,,,,,,,,,,,,,,,,,,,,,,,,,,,,,,,,,,,,,,,,18900,,,,,,,,,,,,Very positive,18900,111390
june week 2,,,,,,,,,,,,,,,,,,,,,,,,,,,,,,,,,,,,,,,,,,,,,,,,,,,,,,,,,,,,,,,,,,,,,,,,,,,,,,,,,,,,,,,,,,,,,,,3400,,,,,,12000,5000,,,Very positive,20400,
june week 3,,,700,,200,,,,,,,,,,,,,1500,8000,,,,,,,,,,,,,,,,150,,,,,,,,,,,,,,,,,,,,,,,,,,,,,,120,,,,,,,,,,,,,,,,,,,,,,,,,,,,,,,,,,,,,,,,Negetive,10670,
june week 4,,,,,,,,,,,,,,,,,,,,,,,,,,,,,,,,,,,,,,,,,,,,,,,,,,,,,,,,,,,,,,,600,,120,,,,,,,,,,,,,,,,,,,,,,,,,,,,600,,,,,,,,,,,,Neutral,1320,
june week 5,,,300,,,,,,,800,,,,,,,,,,,,,,,,,,,,,,,,,500,,,,,,,,,,,,,,,,,14000,,,,,,,,,,,,,500,,,,,,,500,,,,,,12000,,,,,,,,,,,,,,31500,,,,,,,,,,,,,Neutral,60100,
,,,,,,,,,,,,,,,,,,,,,,,,,,,,,,,,,,,,,,,,,,,,,,,,,,,,,,,,,,,,,,,,,,,,,,,,,,,,,,,,,,,,,,,,,,,,,,,,,,,,,,,,,,,
july week 1,,,800,,250,,,,,,,,,,,,,500,,,,,,,,,,,,,,,16000,,,,,,,,,,,,,,,,,,,,,,,,,,,,,,,,,,,,,,,,,,,,,,,,,,,,,,,,,,,,,,100,,,,,,,,,,positive,17650,77040
july week 2,,,,,,,,,,,,,,,,,,,,700,,,,,,,,,,,,,,,,,,,,,,,,,,,,,,,,,,,,,,,,,,,,,500,,,,,,,,,,,,,,,,,,,,,,,,,,,,,,150,,,,,,,,,,Neutral,1350,
july week 3,,,,,120,,,,,,,,,,,,,,,,,,,,,,,,,,,,400,,,,,,,,,,,,,,,600,,,,,,,,,,,,,,,,,,,,,,,,,,,,,,,,,,,,,,,,,,,,,,,,,,,,,,,,,very positive,1120,
july week 4,,,,,150,,,,,,,,,,,,,,,,,,,,,,,,,,,,,,,,,,,,,,,,,,,,,,,,,,,,,,,,,,,,150,,,,,,,,,,,,,,,,,14000,,,,,,,,,,,,,120,,,,,,,,,,Neutral,14420,
july week 5,,,,,,,,,,,,,,,,,,,,,,,,,,,,,,,,34500,8000,,,,,,,,,,,,,,,,,,,,,,,,,,,,,,,,,,,,,,,,,,,,,,,,,,,,,,,,,,,,,,,,,,,,,,,,Neutral,42500,
,,,,,,,,,,,,,,,,,,,,,,,,,,,,,,,,,,,,,,,,,,,,,,,,,,,,,,,,,,,,,,,,,,,,,,,,,,,,,,,,,,,,,,,,,,,,,,,,,,,,,,,,,,,
august week 1,,,,,,,,,,,,,,,,,,,,,,,,,,,,,,,,,,,,,,,,,,,,,,,,,,,,,,,,,,,,,,,,,,,,,,,,,,,,,,,,,,,,,,,,,,,,,,,500,,,,,,1500,6000,,,Very positive,8000,114640
august week 2,,,,,600,,,,,,8000,,,,,,,,,8000,,,,,,,,,,,,,,,,,,,,,,,,,,,,,,,,,,,,,,,,,,,,,,,,,,,,,,,,,,400,,,,,,,,,,,,,,,12000,,600,,,,,,,,,,Negetive,29600,
august week 3,,,,,,,,,,,,,,,,,,,,,,,,,,,,,,,,,400,,120,,,,,,,,,,,,,1000,,,,,,,,,,,,,,,,,600,,,,,,,,,,,,,,,,,,,,,,,,,,,,,,,,,,,,,4000,,,Positive,6120,
august week 4,,,,,2000,,,,,,5000,,,,,,,,,,,,,,,,,,,,,,,,,,,,,,,,,,,,,,,,,,,,,,,,,,,,,,,,,,,,,,,,,,,,,,,,,,,,,,,,,,,,120,,,,,,,,,,Neutral,7120,
august week 5,,,,,,,,,,,,,,,,,34600,,8900,,,14000,,,,,,,,,,,,,,,,,,,,,,,,,,,,,,,,,,,,,,,,,,,500,,,,,,,,,,,,,5800,,,,,,,,,,,,,,,,,,,,,,,,,,,Very Negetive,63800,
,,,,,,,,,,,,,,,,,,,,,,,,,,,,,,,,,,,,,,,,,,,,,,,,,,,,,,,,,,,,,,,,,,,,,,,,,,,,,,,,,,,,,,,,,,,,,,,,,,,,,,,,,,,
september week 1,,,,,,,,,,,,,,,,,,,,,,,,,,,,,,,,,,,,,,,,,,,,,,,,,,,,,,,,,,,,,,,,,,,,,,,,,,,,,,,,,,,,,,,,,,,,,8000,,800,,,,,,,,,,Neutral,8800,95850
september week 2,,,,,,,,,,,,,,,,,,,,,,,,,,,,,,,,,,,,,,,,,,,,,,,,,,500,,,,,,,,,,,,,,,,,,,,,,,,,,,,,,,,,,,,,,,,,,,,,700,,,,,,,,,,Positive,1200,
september week 3,,,,700,,,,,,,,,,,,,,,,,,,,,5000,,,,,,,,8900,,600,,,,,,,,,,,,,,,,,,,,,,,,,,,,400,,700,,,,,,,900,,,,,,,,800,,,,,,,,,,,,,,,,,,,,,,,,,Negetive,18000,
september week 4,,,,,,,,,,,,,,,,,,,,,,,,,,,,,,,,,,,,,,,,,,,,,,,,28000,,,,,,,,,,,,,,,,,,,14000,,,,,,,,,,,,,200,,,,,,,,,,,,,,,150,,,,,,,,,,Neutral,42350,
september week 5,,20500,,,,,,,,5000,,,,,,,,,,,,,,,,,,,,,,,,,,,,,,,,,,,,,,,,,,,,,,,,,,,,,,,,,,,,,,,,,,,,,,,,,,,,,,,,,,,,,,,,,,,,,,,Very Negetive,25500,
,,,,,,,,,,,,,,,,,,,,,,,,,,,,,,,,,,,,,,,,,,,,,,,,,,,,,,,,,,,,,,,,,,,,,,,,,,,,,,,,,,,,,,,,,,,,,,,,,,,,,,,,,,,
october week 1,,,,,,,,,,,,,,,,,,,,,,,,,,,,,,,,,,,,,,,,,,,,,,,,900,,500,,,,,,,,,,,,,,,,,,,,,,,,,,,,,,150,,,,,,,,,,,,,7900,,,,,,,,,,,,Neutral,9450,111600
october week 2,,,,,,,,,,,,,,,,,,,,500,,,,,,,,,,,,,,,,,,,,,,,,,,,,,,,,,,,,,,,,,,,,,800,,,,,,,,,,,,,3000,,200,,,,,,,,,,,,,3900,,,,,,,,4000,5000,,,Positive,17400,
october week 3,,,500,,500,,,,,,,600,,,,,,,,,,,,,,,,,,,,,,,,,,,,,,,,,,,,,,150,,,,,,,,,,,,,,,,,,,,,,,,,,,,,,500,,,,,,,,,,,,,,,600,,,,,4000,,7000,600,,very positive,14450,
october week 4,,,,,,,,,,,,,,,,,,,,,,,,,,,,,,,,,16000,,600,,,,,,1800,,,,,,,,,,,,,,,,,,,,,,,,200,,,,,,,,,,,,,6000,,500,,,,,,,,,,,,,,,,,,,,9000,,,,,positive,34100,
october week 5,,,,,800,,,,,,,,,,,,,,,,,,,,,,,,,,,23500,,,,,,,,,,,,,,,,1900,,10000,,,,,,,,,,,,,,,,,,,,,,,,,,,,,,,,,,,,,,,,,,,,,,,,,,,,,,,Neutral,36200,
,,,,,,,,,,,,,,,,,,,,,,,,,,,,,,,,,,,,,,,,,,,,,,,,,,,,,,,,,,,,,,,,,,,,,,,,,,,,,,,,,,,,,,,,,,,,,,,,,,,,,,,,,,,
november week 1,,,,,,,,,,,,,,,,,,,,,,,,,,,,,,,,,,,,,,,,,,,,,,,,,,,,,,,,,,,,,,,,,150,,,,,,,,,,,,,,,,,,,,,,,,,,,,28000,,,,,,,,,,,,positive,28150,95020
november week 2,,,,,,,,,,,,,,,,,,,,,,,,,,,,,,,,,,,,,,,,,,,,,,,,,,,,,,,,,,,,,,,,,,,,,,,,,,,,,,,,,,,,,,,,,,,,,5400,,,,,,,,,900,,,Neutral,6300,
november week 3,,,,,500,,,,,,,,,,,,,,,500,,,,,,,,,,,,,,,,,,,,,,,,,,,,1200,,500,,,,,,,,,,,,,,,900,,,,,,,,,,,,,,,,,,,,,,,,,,,,,,,,,,,,,,,,positive,3600,
november week 4,,,,420,,,,,,,,,,,,,,,,,,,,,,,,,,,,,,,,,,,,,,,,,,,,,,,,,,,,,,,,,,,,,500,,,,,,,,,,,,,,,,,,,,,,,,,,,,4700,,,,,,,,,,,,Neutral,5620,
november week 5,,,,,,,,,,,,,,,,,,,,150,,,,,,,,,,,,,8000,,600,,14000,,,,,,,,,,,,,600,,,,,,,500,,,,,,,,,,,,,,,,,,,,27500,,,,,,,,,,,,,,,,,,,,,,,,,,,,Very negetive,51350,
,,,,,,,,,,,,,,,,,,,,,,,,,,,,,,,,,,,,,,,,,,,,,,,,,,,,,,,,,,,,,,,,,,,,,,,,,,,,,,,,,,,,,,,,,,,,,,,,,,,,,,,,,,,
december week 1,,,,,,,,,,,,,,,,,,,,,,,,,,,,,,,,,,,,,,,,,,,,,,,,,,,,,,,,,,,,,,,,,,,,,,,,,,,,,,,,,,,,,,,,,,,,,34000,,,,,,,,,,,,Very positive,34000,168550
december week 2,,,,,,,,,,,,,,,,,,,,,,,,,,,,,,,,,,,,,,,,,,,,,,,,,,,,,,,,,,,,,,,,,,,,,,,,,,,,,,500,,,,,,,,,,,,,,,,,,,,,,,6000,3000,8500,,Positive,18000,
december week 3,,,4500,6000,2400,,,,,2500,,4000,800,,,,,,,,,,,,,,,,,,,,,,10000,,,,,,,,,,,,,,,,,,,,,,,,,,,,,,,,,,,,3900,7000,,,,,,,,,,,,,,,,,,,,,,,,,,,,,,,,,Neutral,41100,
december week 4,3600,,,,,,,,,,,,,,,,,,,,,,,,,,,,,,,,,,,,,,,,,,,,,,,,,5000,,,,,,,,,,,,,,,,,14000,,,,,,,,,,,,,,,,,,,,,,,,,,,,,,,,,,,,,,Positive,22600,
december week 5,,36700,,,,,,16000,,,,,,,,,,,,150,,,,,,,,,,,,,,,,,,,,,,,,,,,,,,,,,,,,,,,,,,,,,,,,,,,,,,,,,,,,,,,,,,,,,,,,,,,,,,,,,,,,,Very positive,52850,
,,,,,,,,,,,,,,,,,,,,,,,,,,,,,,,,,,,,,,,,,,,,,,,,,,,,,,,,,,,,,,,,,,,,,,,,,,,,,,,,,,,,,,,,,,,,,,,,,,,,,,,,,,,
Jan week 1,,,,,,,,8500,,,16300,5700,10100,,,,,,,,,,,,,,,,,,,,,,,,,,,,,,,,,,,,,,,,,,,,650,,,,,,,,,,,,,,,,,,,,,,,,,,,,,,,,,,,,,,,,,,,,,,,,very positive,,
Jan week 2,,,,,,,,,,,,,,,,,,,,,,,,,,,,,,,,,23050,,,,,,,,,,,,,,,,,,,,,,,,,,,,,,,,,,,,,,,,,,,,,,,,,,,,,,,,,,,,,,1150,,,,,,4250,3850,,,very positive,,
Jan week 3,,,800,,,,,,,,,,,,,,,,,,,,,,,,,,,,,,,,,,,,,,,,,,,,,900,,,,,,,,,,,,,,,,,,,,,,,,,,,,,,,,,,,,,,,,,,,,,11500,,,,,,,,,,,,Negetive,,
Jan week 4,,,,,,,,,,,,,,,,,,,,,,,,,,,,,100,,,,,,,,,,,,,,,,,,,,,,,,,,,,,,,,,,,,,,,,,,,,,,,,,,,,,14000,,,,,,,,,,28350,,,,,,,,5500,,,,,Neutral,,
Jan week 5,,,,,,27700,,,,,,,,,,,,2100,,,,,,,,,,,,,,,8800,,,,,,,,,,,,,,,,,,,,,,,,,,,,,,,,,,,,,,,,,,,,,,,,,,,,,,,,,,,,,,,,,,,,,,,,Negetive,,
,,,,,,,,,,,,,,,,,,,,,,,,,,,,,,,,,,,,,,,,,,,,,,,,,,,,,,,,,,,,,,,,,,,,,,,,,,,,,,,,,,,,,,,,,,,,,,,,,,,,,,,,,,,
Feb week 1,,,,,,,,,,,,,,,,,,,,,,,,,,,,,,,,,,,,,,,,,,,,,,,,,,,,,,,,,,,,,,,,,,,,,,4050,,1700,,,,,,,,,,,,,,,,,,,,,11750,,,,,,,,5350,,,,Positive,,
Feb week 2,,,,,1500,,,,,,550,,,,,,,,,10750,,,,,,,,,,,,,,,,,,,,,,,,,,,,,,,,,,,,,,,,,,,,,,,,,,,,,,,,,,,,500,,,,,,,100,,,,,,,,,,,,,7650,,,,,Positive,,
Feb week 3,,,,,,,,,,2150,,,,,,,,,,,,,,,,,,,,,,,,,,,,,,,,,,,,,,,,800,,,,,,8600,,,,,,,,,,,,,,,,,,,,,,,,,,,,,,,,,,,,,,,,,,,,,,,,,positive,,
Feb week 4,,,,3800,1500,,,,,,,,,,,,,,6050,100,,14000,,,,,,,,,,,,,,,,,,,,,,,,,,,,,,,,,,,,,,,,,,,,,,,,,,,,,,,,,,,,,,,,,,,,,,,,,,,,,,,,,,,positive,,
Feb week 5,,,,,,,,,,,,,,,,,,,,,,,,,,,,,,,,,9950,,,27500,,,,,,,,,,,31650,,,,,,,,,,,,,,,,,,,,,,,,,,,,,,,,,,,,,,,,,,,,,,,,,,,,,,,,,,negetive,,
,,,,,,,,,,,,,,,,,,,,,,,,,,,,,,,,,,,,,,,,,,,,,,,,,,,,,,,,,,,,,,,,,,,,,,,,,,,,,,,,,,,,,,,,,,,,,,,,,,,,,,,,,,,
march week 1,,,,,,,,,,,,,,,,,,,,,,,,,,,,,,,,,,,,,,,,,,,,,,,,,,,,,,,,,,,,,,,,,,,,,,,,,,,,,,,,,,,,,,1600,,,,,,,,,,,,,,,,,,,Negetive,,
march week 2,,,,,,,,,,,,,,,,,,,,,,,,,,,,,,,,,,,,,,,,,,,,,,,,,,,,,,,,,,,,,,,,,,,,,,,,,,,,,,,,,,,,,,,,,,,,,800,,,,,,,,,2600,,900,positive,,
march week 3,,,800,,1100,,,,,,,,100,,,,,800,,1400,,,,,,,,,,,,,15100,,2700,,,,,,,7350,,,,,,900,,,,,,,,,1100,350,,,,,,,100,,,,,,,,,,,,,,,,,,,,,,,,,,,,,,,,,,,,,,,,positive,,
march week 4,,,,,,,,,,,,,,,,,,,,,,,,,,,,,,,,,,4700,,,,,,,,,,,,,,,,,,,,,,,,,,,,,,,,,,,,,,,,,,,,10300,1050,,,,,,,,,,,,,,,,,,,,,,,,,,positive,,
march week 5,,,,,800,,,,,,,,,,,,,1120,,450,,,,,,,,,,,,,,,,,14000,,,,,,,,,,,,,,28150,,,,,,,,,,,,,,,,,,,,,,,,,,,,,,,,,,9250,,,,,,,35300,,,,,,,,,,,,,negetive,,
,,,,,,,,,,,,,,,,,,,,,,,,,,,,,,,,,,,,,,,,,,,,,,,,,,,,,,,,,,,,,,,,,,,,,,,,,,,,,,,,,,,,,,,,,,,,,,,,,,,,,,,,,,,
april week 1,,,,,,,,,,,,,,,,,,,,,,,,,,,,,300,,,,26400,,5750,,,,,,6650,3750,14000,,,,,,,,,,,,,,,,,,,,,,,,,,,,,,,,,,,,,,,,,,,,,,,,,,,,,,,6150,,,3150,,,,positive,,
april week 2,,,,,5350,,,,,,,,,,,,,,,,,,,,,,,,,,,,,,,,,,,,,,,,,,,1350,,100,,,,,,2250,,,,,,,,,,,,,,,,,,,,,,,,,,,,,,,,,,,,,,,1300,,,,,,,,,,Very positive,,
april week 3,,,800,,100,,,,,2250,,,,,,,,,,,,,,,,,,,,,,,,,,,,,,,,,,850,,,,,,,,,,,,,,,,,,,,1550,100,,,,,,,100,,,,,,,,,,,,,,,,,,,,,,,,,,,,,,,,,Very positive,,
april week 4,,,,,,,,,,,,,,,,,,,,,,,,,250,3350,,,,,,,,,,,,,,,,,,,,,,,,,,,,,,,,,,,,,,,,,,,,,,,,,,,,,,,,14000,,,,,,,,,,45250,,,5850,27100,,,,,,,,,positive,,
april week 5,,,,,,,,,,3150,5700,,,,,,,800,,100,,,,,,,,,,,,,,,,,,,,,,,,,,,,,,,,,,,,,,,,,,,,,,,,,,,,,,,,,,,,,,,,,,,,,,,,,,,,,,,,,,,,,positive,,
,,,,,,,,,,,,,,,,,,,,,,,,,,,,,,,,,,,,,,,,,,,,,,,,,,,,,,,,,,,,,,,,,,,,,,,,,,,,,,,,,,,,,,,,,,,,,,,,,,,,,,,,,,,
may week 1,,,,,,,,,,,,,,,,,,,,,,,,,,,,,,,,,20200,,,,,,,,,,,,,,,,,,,,,,,,,,,,,,,,800,,,,,,,,,,,,,,,,,,,,,,,,,,,,4150,,,,,,,,,,,,Neutral,,
may week 2,,,,,,,,,,,,,,,,,,,,,,,,,,,,,,,,,,,,,,,,,,,,,,,,,,600,,,,,,,,,,,,,,,,,,,,,,,,,,,,1160,,900,,,,,4650,,,,,,,,,,,,,,,,,,,,Neutral,,
may week 3,,,1000,,,,,,,,,,,,,,,,,,,,,,,,,,,,,,,,,,,,,,,,,,,,,,,,,,,,,,,,,,,,1650,,,,,,,,,,,,,,,,,,,,,,,,,,,,,,9400,,3000,,,,,,8900,,,,Very positive,,
may week 4,,,,,,,,,,,,,,,,,,,,,,,,,,,,,,,,,,,,,,,,,,,,,,,,800,,,,,,,6550,,,,,,,,,,100,,,,,,,550,,,,,,2000,,1500,,,,,,,,,,,,,,,,,,,,9550,3650,,,,Very positive,,
may week 5,,,800,,,,14000,,,,,,,,,,,,,10500,,,,,,,,,,,,29050,,,,,,,,,,,,,,,,,,500,,,,,,,,,,,,,,,,,,,,,,,,,,,,,,,,,,,,,,,,,,,,,,,,,,,,,,,Very positive,,
,,,,,,,,,,,,,,,,,,,,,,,,,,,,,,,,,,,,,,,,,,,,,,,,,,,,,,,,,,,,,,,,,,,,,,,,,,,,,,,,,,,,,,,,,,,,,,,,,,,,,,,,,,,
june week 1,,,,,,,,,,,,,,,,,,,,,,,,,,,,,,,,,,,,,,,,,,,,,,,,,,,,,,,,,,,,,,,,,,,,,,,,,,,,,,,,,,,,,,,,,,,,,18450,,,,,,,,,,,,Very positive,,
june week 2,,,,,,,,,,,,,,,,,,,,,,,,,,,,,,,,,,,,,,,,,,,,,,,,,,,,,,,,,,,,,,,,,,,,,,,,,,,,,,,,,,,,,,,,,,,,,,,3000,,,,,,11850,5450,,,Very positive,,
june week 3,,,1650,,450,,,,,,,,,,,,,2400,8450,,,,,,,,,,,,,,,,800,,,,,,,,,,,,,,,,,,,,,,,,,,,,,,920,,,,,,,,,,,,,,,,,,,,,,,,,,,,,,,,,,,,,,,,Negetive,,
june week 4,,,,,,,,,,,,,,,,,,,,,,,,,,,,,,,,,,,,,,,,,,,,,,,,,,,,,,,,,,,,,,,800,,100,,,,,,,,,,,,,,,,,,,,,,,,,,,,800,,,,,,,,,,,,Neutral,,
june week 5,,,800,,,,,,,1500,,,,,,,,,,,,,,,,,,,,,,,,,700,,,,,,,,,,,,,,,,,14000,,,,,,,,,,,,,350,,,,,,,750,,,,,,12350,,,,,,,,,,,,,,32400,,,,,,,,,,,,,Neutral,,
,,,,,,,,,,,,,,,,,,,,,,,,,,,,,,,,,,,,,,,,,,,,,,,,,,,,,,,,,,,,,,,,,,,,,,,,,,,,,,,,,,,,,,,,,,,,,,,,,,,,,,,,,,,
july week 1,,,800,,100,,,,,,,,,,,,,800,,,,,,,,,,,,,,,16100,,,,,,,,,,,,,,,,,,,,,,,,,,,,,,,,,,,,,,,,,,,,,,,,,,,,,,,,,,,,,,100,,,,,,,,,,positive,,
july week 2,,,,,,,,,,,,,,,,,,,,1400,,,,,,,,,,,,,,,,,,,,,,,,,,,,,,,,,,,,,,,,,,,,,1200,,,,,,,,,,,,,,,,,,,,,,,,,,,,,,850,,,,,,,,,,positive,,
july week 3,,,,,620,,,,,,,,,,,,,,,,,,,,,,,,,,,,800,,,,,,,,,,,,,,,1450,,,,,,,,,,,,,,,,,,,,,,,,,,,,,,,,,,,,,,,,,,,,,,,,,,,,,,,,,very positive,,
july week 4,,,,,100,,,,,,,,,,,,,,,,,,,,,,,,,,,,,,,,,,,,,,,,,,,,,,,,,,,,,,,,,,,,700,,,,,,,,,,,,,,,,,14000,,,,,,,,,,,,,100,,,,,,,,,,Neutral,,
july week 5,,,,,,,,,,,,,,,,,,,,,,,,,,,,,,,,34600,8550,,,,,,,,,,,,,,,,,,,,,,,,,,,,,,,,,,,,,,,,,,,,,,,,,,,,,,,,,,,,,,,,,,,,,,,,Neutral,,
,,,,,,,,,,,,,,,,,,,,,,,,,,,,,,,,,,,,,,,,,,,,,,,,,,,,,,,,,,,,,,,,,,,,,,,,,,,,,,,,,,,,,,,,,,,,,,,,,,,,,,,,,,,
august week 1,,,,,,,,,,,,,,,,,,,,,,,,,,,,,,,,,,,,,,,,,,,,,,,,,,,,,,,,,,,,,,,,,,,,,,,,,,,,,,,,,,,,,,,,,,,,,,,800,,,,,,500,5850,,,Very positive,,
august week 2,,,,,1300,,,,,,7500,,,,,,,,,8350,,,,,,,,,,,,,,,,,,,,,,,,,,,,,,,,,,,,,,,,,,,,,,,,,,,,,,,,,,1050,,,,,,,,,,,,,,,12550,,850,,,,,,,,,,Negetive,,
august week 3,,,,,,,,,,,,,,,,,,,,,,,,,,,,,,,,,800,,220,,,,,,,,,,,,,1300,,,,,,,,,,,,,,,,,750,,,,,,,,,,,,,,,,,,,,,,,,,,,,,,,,,,,,,4800,,,Positive,,
august week 4,,,,,2950,,,,,,5900,,,,,,,,,,,,,,,,,,,,,,,,,,,,,,,,,,,,,,,,,,,,,,,,,,,,,,,,,,,,,,,,,,,,,,,,,,,,,,,,,,,,470,,,,,,,,,,Positive,,
august week 5,,,,,,,,,,,,,,,,,35150,,8550,,,14000,,,,,,,,,,,,,,,,,,,,,,,,,,,,,,,,,,,,,,,,,,,400,,,,,,,,,,,,,5100,,,,,,,,,,,,,,,,,,,,,,,,,,,Neutral,,
,,,,,,,,,,,,,,,,,,,,,,,,,,,,,,,,,,,,,,,,,,,,,,,,,,,,,,,,,,,,,,,,,,,,,,,,,,,,,,,,,,,,,,,,,,,,,,,,,,,,,,,,,,,
september week 1,,,,,,,,,,,,,,,,,,,,,,,,,,,,,,,,,,,,,,,,,,,,,,,,,,,,,,,,,,,,,,,,,,,,,,,,,,,,,,,,,,,,,,,,,,,,,7000,,1650,,,,,,,,,,Neutral,,
september week 2,,,,,,,,,,,,,,,,,,,,,,,,,,,,,,,,,,,,,,,,,,,,,,,,,,300,,,,,,,,,,,,,,,,,,,,,,,,,,,,,,,,,,,,,,,,,,,,,1650,,,,,,,,,,Positive,,
september week 3,,,,250,,,,,,,,,,,,,,,,,,,,,5300,,,,,,,,8450,,1050,,,,,,,,,,,,,,,,,,,,,,,,,,,,800,,100,,,,,,,1900,,,,,,,,1500,,,,,,,,,,,,,,,,,,,,,,,,,Negetive,,
september week 4,,,,,,,,,,,,,,,,,,,,,,,,,,,,,,,,,,,,,,,,,,,,,,,,28350,,,,,,,,,,,,,,,,,,,14000,,,,,,,,,,,,,1100,,,,,,,,,,,,,,,100,,,,,,,,,,Neutral,,
september week 5,,21250,,,,,,,,5700,,,,,,,,,,,,,,,,,,,,,,,,,,,,,,,,,,,,,,,,,,,,,,,,,,,,,,,,,,,,,,,,,,,,,,,,,,,,,,,,,,,,,,,,,,,,,,,Very Negetive,,
,,,,,,,,,,,,,,,,,,,,,,,,,,,,,,,,,,,,,,,,,,,,,,,,,,,,,,,,,,,,,,,,,,,,,,,,,,,,,,,,,,,,,,,,,,,,,,,,,,,,,,,,,,,
october week 1,,,,,,,,,,,,,,,,,,,,,,,,,,,,,,,,,,,,,,,,,,,,,,,,1750,,150,,,,,,,,,,,,,,,,,,,,,,,,,,,,,,100,,,,,,,,,,,,,7600,,,,,,,,,,,,Neutral,,
october week 2,,,,,,,,,,,,,,,,,,,,1250,,,,,,,,,,,,,,,,,,,,,,,,,,,,,,,,,,,,,,,,,,,,,100,,,,,,,,,,,,,2550,,100,,,,,,,,,,,,,3100,,,,,,,,3700,6000,,,Positive,,
october week 3,,,900,,800,,,,,,,500,,,,,,,,,,,,,,,,,,,,,,,,,,,,,,,,,,,,,,500,,,,,,,,,,,,,,,,,,,,,,,,,,,,,,800,,,,,,,,,,,,,,,100,,,,,3500,,6550,800,,very positive,,
october week 4,,,,,,,,,,,,,,,,,,,,,,,,,,,,,,,,,15450,,1600,,,,,,800,,,,,,,,,,,,,,,,,,,,,,,,900,,,,,,,,,,,,,5250,,100,,,,,,,,,,,,,,,,,,,,9400,,,,,positive,,
october week 5,,,,,1250,,,,,,,,,,,,,,,,,,,,,,,,,,,23850,,,,,,,,,,,,,,,,2250,,9050,,,,,,,,,,,,,,,,,,,,,,,,,,,,,,,,,,,,,,,,,,,,,,,,,,,,,,,Neutral,,
,,,,,,,,,,,,,,,,,,,,,,,,,,,,,,,,,,,,,,,,,,,,,,,,,,,,,,,,,,,,,,,,,,,,,,,,,,,,,,,,,,,,,,,,,,,,,,,,,,,,,,,,,,,
november week 1,,,,,,,,,,,,,,,,,,,,,,,,,,,,,,,,,,,,,,,,,,,,,,,,,,,,,,,,,,,,,,,,,750,,,,,,,,,,,,,,,,,,,,,,,,,,,,27100,,,,,,,,,,,,positive,,
november week 2,,,,,,,,,,,,,,,,,,,,,,,,,,,,,,,,,,,,,,,,,,,,,,,,,,,,,,,,,,,,,,,,,,,,,,,,,,,,,,,,,,,,,,,,,,,,,6150,,,,,,,,,100,,,Neutral,,
november week 3,,,,,1150,,,,,,,,,,,,,,,650,,,,,,,,,,,,,,,,,,,,,,,,,,,,850,,150,,,,,,,,,,,,,,,100,,,,,,,,,,,,,,,,,,,,,,,,,,,,,,,,,,,,,,,,positive,,
november week 4,,,,220,,,,,,,,,,,,,,,,,,,,,,,,,,,,,,,,,,,,,,,,,,,,,,,,,,,,,,,,,,,,,1150,,,,,,,,,,,,,,,,,,,,,,,,,,,,4100,,,,,,,,,,,,Neutral,,
november week 5,,,,,,,,,,,,,,,,,,,,300,,,,,,,,,,,,,7900,,1350,,14000,,,,,,,,,,,,,1300,,,,,,,100,,,,,,,,,,,,,,,,,,,,27650,,,,,,,,,,,,,,,,,,,,,,,,,,,,Very negetive,,
,,,,,,,,,,,,,,,,,,,,,,,,,,,,,,,,,,,,,,,,,,,,,,,,,,,,,,,,,,,,,,,,,,,,,,,,,,,,,,,,,,,,,,,,,,,,,,,,,,,,,,,,,,,
december week 1,,,,,,,,,,,,,,,,,,,,,,,,,,,,,,,,,,,,,,,,,,,,,,,,,,,,,,,,,,,,,,,,,,,,,,,,,,,,,,,,,,,,,,,,,,,,,34200,,,,,,,,,,,,Neutral,,
december week 2,,,,,,,,,,,,,,,,,,,,,,,,,,,,,,,,,,,,,,,,,,,,,,,,,,,,,,,,,,,,,,,,,,,,,,,,,,,,,,1500,,,,,,,,,,,,,,,,,,,,,,,6500,3450,8950,,Very positive,,
december week 3,,,3500,5550,1800,,,,,3050,,4900,450,,,,,,,,,,,,,,,,,,,,,,9450,,,,,,,,,,,,,,,,,,,,,,,,,,,,,,,,,,,,4200,6050,,,,,,,,,,,,,,,,,,,,,,,,,,,,,,,,,Positive,,
december week 4,3250,,,,,,,,,,,,,,,,,,,,,,,,,,,,,,,,,,,,,,,,,,,,,,,,,5800,,,,,,,,,,,,,,,,,14000,,,,,,,,,,,,,,,,,,,,,,,,,,,,,,,,,,,,,,Positive,,
december week 5,,36100,,,,,,15050,,,,,,,,,,,,550,,,,,,,,,,,,,,,,,,,,,,,,,,,,,,,,,,,,,,,,,,,,,,,,,,,,,,,,,,,,,,,,,,,,,,,,,,,,,,,,,,,,,Very positive,,
december week 5,,36100,,,,,,15050,,,,,,,,,,,,550,,,,,,,,,,,,,,,,,,,,,,,,,,,,,,,,,,,,,,,,,,,,,,,,,,,,,,,,,,,,,,,,,,,,,,,,,,,,,,,,,,,,,Very positive,,
,,,,,,,,,,,,,,,,,,,,,,,,,,,,,,,,,,,,,,,,,,,,,,,,,,,,,,,,,,,,,,,,,,,,,,,,,,,,,,,,,,,,,,,,,,,,,,,,,,,,,,,,,,,
Jan week 1,,,,,,,,7750,,,15550,5350,11750,,,,,,,,,,,,,,,,,,,,,,,,,,,,,,,,,,,,,,,,,,,,2050,,,,,,,,,,,,,,,,,,,,,,,,,,,,,,,,,,,,,,,,,,,,,,,,very positive,,
Jan week 2,,,,,,,,,,,,,,,,,,,,,,,,,,,,,,,,,21750,,,,,,,,,,,,,,,,,,,,,,,,,,,,,,,,,,,,,,,,,,,,,,,,,,,,,,,,,,,,,,1700,,,,,,3850,2450,,,very positive,,
Jan week 3,,,1550,,,,,,,,,,,,,,,,,,,,,,,800,,,,,,,,,,,,,,,,,,,,,,2700,,,,,,,,,,,,,,,,,,,,,,,,,,,,,,,,,,,,,,,,,,,,,14000,,,,,,,,,,,,Negetive,,
Jan week 4,,,,,,,,,,,,,,,,,,,,,,,,,,,,,100,,,,,,,,,,,,,,,,,,,,,,,,,,,,,,,,,,,,,,,,,,,,,,,,,,,,,14000,,,,,,,,,,27650,,,,,,,,5650,,,,,Neutral,,
Jan week 5,,,,,,26900,,,,,,,,,,,,1550,,,,,,,,,,,,,,,10300,,,,,,,,,,,,,,,,,,,,,,,,,,,,,,,,,,,,,,,,,,,,,,,,,,,,,,,,,,,,,,,,,,,,,,,,Negetive,,
,,,,,,,,,,,,,,,,,,,,,,,,,,,,,,,,,,,,,,,,,,,,,,,,,,,,,,,,,,,,,,,,,,,,,,,,,,,,,,,,,,,,,,,,,,,,,,,,,,,,,,,,,,,
Feb week 1,,,,,,,,,,,,,,,,,,,,,,,,,,,,,,,,,,,,,,,,,,,,,,,,,,,,,,,,,,,,,,,,,,,,,,4050,,3950,,,,,,,,,,,,,,,,,,,,,10500,,,,,,,,4500,,,,Positive,,
Feb week 2,,,,,3400,,,,,,100,,,,,,,,,12800,,,,,,,,,,,,,,,,,,,,,,,,,,,,,,,,,,,,,,,,,,,,,,,,,,,,,,,,,,,,1800,,,,,,,450,,,,,,,,,,,,,7700,,,,,Positive,,
Feb week 3,,,,,,,,,,3100,,,,,,,,,,,,,,,,,,,,,,,,,,,,,,,,,,,,,,,,2700,,,,,,7100,,,,,,,,,,,,,,,,,,,,,,,,,,,,,,,,,,,,,,,,,,,,,,,,,positive,,
Feb week 4,,,,1750,100,,,,,,,,,,,,,,4600,100,,14000,,,,,,,,,,,,,,,,,,,,,,,,,,,,,,,,,,,,,,,,,,,,,,,,,,,,,,,,,,,,,,,,,,,,,,,,,,,,,,,,,,,positive,,
Feb week 5,,,,,,,,,,,,,,,,,,,,,,,,,,,,,,,,,12050,,,26300,,,,,,,,,,,31350,,,,,,,,,,,,,,,,,,,,,,,,,,,,,,,,,,,,,,,,,,,,,,,,,,,,,,,,,,negetive,,
,,,,,,,,,,,,,,,,,,,,,,,,,,,,,,,,,,,,,,,,,,,,,,,,,,,,,,,,,,,,,,,,,,,,,,,,,,,,,,,,,,,,,,,,,,,,,,,,,,,,,,,,,,,
march week 1,,,,,,,,,,,,,,,,,,,,,,,,,,2000,,,,,,,,,,,,,,,,,,,,,,,,,,,,,,,,,,,,,,,,,,,,,,,,,,,,,,,,,,,,1850,,,,,,,,,,,,,,,,,,,Negetive,,
march week 2,,,,,,,,,,,,,,,,,,,,,,,,,,,,,,,,,,,,,,,,,,,,,,,,,,,,,,,,,,,,,,,,,,,,,,,,,,,,,,,,,,,,,,,,,,,,,800,,,,,,,,,4750,,900,positive,,
march week 3,,,1600,,850,,,,,,,,1250,,,,,800,,3300,,,,,,,,,,,,,15600,,1850,,,,,,,7550,,,,,,2250,,,,,,,,,1500,2100,,,,,,,550,,,,,,,,,,,,,,,,,,,,,,,,,,,,,,,,,,,,,,,,positive,,
march week 4,,,,,,,,,,,,,,,,,,,,,,,,,,,,,,,,,,3900,,,,,,,,,,,,,,,,,,,,,,,,,,,,,,,,,,,,,,,,,,,,8750,2400,,,,,,,,,,,,,,,,,,,,,,,,,,positive,,
march week 5,,,,,2600,,,,,,,,,,,,,1120,,2050,,,,,,,,,,,,,,,,,14000,,,,,,,,,,,,,,26850,,,,,,,,,,,,,,,,,,,,,,,,,,,,,,,,,,10950,,,,,,,36500,,,,,,,,,,,,,negetive,,
,,,,,,,,,,,,,,,,,,,,,,,,,,,,,,,,,,,,,,,,,,,,,,,,,,,,,,,,,,,,,,,,,,,,,,,,,,,,,,,,,,,,,,,,,,,,,,,,,,,,,,,,,,,
april week 1,,,,,,,,,,,,,,,,,,,,,,,,,,,,,200,,,,27900,,4150,,,,,,7850,6450,14000,,,,,,,,,,,,,,,,,,,,,,,,,,,,,,,,,,,,,,,,,,,,,,,,,,,,,,,5150,,,2900,,,,positive,,
april week 2,,,,,6200,,,,,,,,,,,,,,,,,,,,,,,,,,,,,,,,,,,,,,,,,,,1250,,1900,,,,,,1000,,,,,,,,,,,,,,,,,,,,,,,,,,,,,,,,,,,,,,,3300,,,,,,,,,,Very positive,,
april week 3,,,2500,,100,,,,,1350,,,,,,,,,,,,,,,,,,,,,,,,,,,,,,,,,,400,,,,,,,,,,,,,,,,,,,,3600,1000,,,,,,,100,,,,,,,,,,,,,,,,,,,,,,,,,,,,,,,,,Very positive,,
april week 4,,,,,,,,,,,,,,,,,,,,,,,,,800,3750,,,,,,,,,,,,,,,,,,,,,,,,,,,,,,,,,,,,,,,,,,,,,,,,,,,,,,,,14000,,,,,,,,,,43700,,,6450,25500,,,,,,,,,positive,,
april week 5,,,,,,,,,,500,7000,,,,,,,800,,700,,,,,,,,,,,,,,,,,,,,,,,,,,,,,,,,,,,,,,,,,,,,,,,,,,,,,,,,,,,,,,,,,,,,,,,,,,,,,,,,,,,,,positive,,
,,,,,,,,,,,,,,,,,,,,,,,,,,,,,,,,,,,,,,,,,,,,,,,,,,,,,,,,,,,,,,,,,,,,,,,,,,,,,,,,,,,,,,,,,,,,,,,,,,,,,,,,,,,
may week 1,,,,,,,,,,,,,,,,,,,,,,,,,,,,,,,,,19800,,,,,,,,,,,,,,,,,,,,,,,,,,,,,,,,2400,,,,,,,,,,,,,,,,,,,,,,,,,,,,6000,,,,,,,,,,,,Neutral,,
may week 2,,,,,,,,,,,,,,,,,,,,,,,,,,,,,,,,,,,,,,,,,,,,,,,,,,2050,,,,,,,,,,,,,,,,,,,,,,,,,,,,2010,,1800,,,,,6750,,,,,,,,,,,,,,,,,,,,Neutral,,
may week 3,,,800,,,,,,,,,,,,,,,,,,,,,,,,,,,,,,,,,,,,,,,,,,,,,,,,,,,,,,,,,,,,2900,,,,,,,,,,,,,,,,,,,,,,,,,,,,,,8850,,3800,,,,,,10100,,,,Very positive,,
may week 4,,,,,,,,,,,,,,,,,,,,,,,,,,,,,,,,,,,,,,,,,,,,,,,,2400,,,,,,,8750,,,,,,,,,,1300,,,,,,,100,,,,,,1150,,2650,,,,,,,,,,,,,,,,,,,,8750,2300,,,,Very positive,,
may week 5,,,800,,,,14000,,,,,,,,,,,,,11700,,,,,,,,,,,,30350,,,,,,,,,,,,,,,,,,350,,,,,,,,,,,,,,,,,,,,,,,,,,,,,,,,,,,,,,,,,,,,,,,,,,,,,,,Very positive,,
,,,,,,,,,,,,,,,,,,,,,,,,,,,,,,,,,,,,,,,,,,,,,,,,,,,,,,,,,,,,,,,,,,,,,,,,,,,,,,,,,,,,,,,,,,,,,,,,,,,,,,,,,,,
june week 1,,,,,,,,,,,,,,,,,,,,,,,,,,,,,,,,,,,,,,,,,,,,,,,,,,,,,,,,,,,,,,,,,,,,,,,,,,,,,,,,,,,,,,,,,,,,,18700,,,,,,,,,,,,Very positive,,
june week 2,,,,,,,,,,,,,,,,,,,,,,,,,,,,,,,,,,,,,,,,,,,,,,,,,,,,,,,,,,,,,,,,,,,,,,,,,,,,,,,,,,,,,,,,,,,,,,,700,,,,,,10400,3100,,,Very positive,,
june week 3,,,1800,,3000,,,,,,,,,,,,,3350,10150,,,,,,,,,,,,,,,,2450,,,,,,,,,,,,,,,,,,,,,,,,,,,,,,1570,,,,,,,,,,,,,,,,,,,,,,,,,,,,,,,,,,,,,,,,Negetive,,
june week 4,,,,,,,,,,,,,,,,,,,,,,,,,,,,,,,,,,,,,,,,,,,,,,,,,,,,,,,,,,,,,,,2100,,1000,,,,,,,,,,,,,,,,,,,,,,,,,,,,1100,,,,,,,,,,,,Neutral,,
june week 5,,,800,,,,,,,1200,,,,,,,,,,,,,,,,,,,,,,,,,900,,,,,,,,,,,,,,,,,14000,,,,,,,,,,,,,2250,,,,,,,1300,,,,,,13350,,,,,,,,,,,,,,34550,,,,,,,,,,,,,Neutral,,
,,,,,,,,,,,,,,,,,,,,,,,,,,,,,,,,,,,,,,,,,,,,,,,,,,,,,,,,,,,,,,,,,,,,,,,,,,,,,,,,,,,,,,,,,,,,,,,,,,,,,,,,,,,
july week 1,,,1750,,100,,,,,,,,,,,,,1300,,,,,,,,,,,,,,,14250,,,,,,,,,,,,,,,,,,,,,,,,,,,,,,,,,,,,,,,,,,,,,,,,,,,,,,,,,,,,,,100,,,,,,,,,,positive,,
july week 2,,,,,,,,,,,,,,,,,,,,300,,,,,,,,,,,,,,,,,,,,,,,,,,,,,,,,,,,,,,,,,,,,,3300,,,,,,,,,,,,,,,,,,,,,,,,,,,,,,2350,,,,,,,,,,positive,,
july week 3,,,,,1270,,,,,,,,,,,,,,,,,,,,,,,,,,,,2700,,,,,,,,,,,,,,,2950,,,,,,,,,,,,,,,,,,,,,,,,,,,,,,,,,,,,,,,,,,,,,,,,,,,,,,,,,very positive,,
july week 4,,,,,1350,,,,,,,,,,,,,,,,,,,,,,,,,,,,,,,,,,,,,,,,,,,,,,,,,,,,,,,,,,,,1100,,,,,,,,,,,,,,,,,14000,,,,,,,,,,,,,1850,,,,,,,,,,Neutral,,
july week 5,,,,,,,,,,,,,,,,,,,,,,,,,,,,,,,,32550,10750,,,,,,,,,,,,,,,,,,,,,,,,,,,,,,,,,,,,,,,,,,,,,,,,,,,,,,,,,,,,,,,,,,,,,,,,Neutral,,
,,,,,,,,,,,,,,,,,,,,,,,,,,,,,,,,,,,,,,,,,,,,,,,,,,,,,,,,,,,,,,,,,,,,,,,,,,,,,,,,,,,,,,,,,,,,,,,,,,,,,,,,,,,
august week 1,,,,,,,,,,,,,,,,,,,,,,,,,,,,,,,,,,,,,,,,,,,,,,,,,,,,,,,,,,,,,,,,,,,,,,,,,,,,,,,,,,,,,,,,,,,,,,,2200,,,,,,1850,4650,,,Very positive,,
august week 2,,,,,450,,,,,,8000,,,,,,,,,8150,,,,,,,,,,,,,,,,,,,,,,,,,,,,,,,,,,,,,,,,,,,,,,,,,,,,,,,,,,3350,,,,,,,,,,,,,,,13250,,2050,,,,,,,,,,Negetive,,
august week 3,,,,,,,,,,,,,,,,,,,,,,,,,,,,,,,,,2500,,100,,,,,,,,,,,,,1850,,,,,,,,,,,,,,,,,3000,,,,,,,,,,,,,,,,,,,,,,,,,,,,,,,,,,,,,6700,,,Positive,,
august week 4,,,,,4350,,,,,,7200,,,,,,,,,,,,,,,,,,,,,,,,,,,,,,,,,,,,,,,,,,,,,,,,,,,,,,,,,,,,,,,,,,,,,,,,,,,,,,,,,,,,1720,,,,,,,,,,Positive,,
august week 5,,,,,,,,,,,,,,,,,37050,,8400,,,14000,,,,,,,,,,,,,,,,,,,,,,,,,,,,,,,,,,,,,,,,,,,100,,,,,,,,,,,,,3550,,,,,,,,,,,,,,,,,,,,,,,,,,,Neutral,,
,,,,,,,,,,,,,,,,,,,,,,,,,,,,,,,,,,,,,,,,,,,,,,,,,,,,,,,,,,,,,,,,,,,,,,,,,,,,,,,,,,,,,,,,,,,,,,,,,,,,,,,,,,,
september week 1,,,,,,,,,,,,,,,,,,,,,,,,,,,,,,,,,,,,,,,,,,,,,,,,,,,,,,,,,,,,,,,,,,,,,,,,,,,,,,,,,,,,,,,,,,,,,5750,,1400,,,,,,,,,,Neutral,,
september week 2,,,,,,,,,,,,,,,,,,,,,,,,,,,,,,,,,,,,,,,,,,,,,,,,,,2600,,,,,,,,,,,,,,,,,,,,,,,,,,,,,,,,,,,,,,,,,,,,,2000,,,,,,,,,,Positive,,
september week 3,,,,700,,,,,,,,,,,,,,,,,,,,,2950,,,,,,,,9100,,400,,,,,,,,,,,,,,,,,,,,,,,,,,,,2100,,100,,,,,,,150,,,,,,,,1500,,,,,,,,,,,,,,,,,,,,,,,,,Negetive,,
september week 4,,,,,,,,,,,,,,,,,,,,,,,,,,,,,,,,,,,,,,,,,,,,,,,,29550,,,,,,,,,,,,,,,,,,,14000,,,,,,,,,,,,,2600,,,,,,,,,,,,,,,2250,,,,,,,,,,Neutral,,
september week 5,,20050,,,,,,,,7450,,,,,,,,,,,,,,,,,,,,,,,,,,,,,,,,,,,,,,,,,,,,,,,,,,,,,,,,,,,,,,,,,,,,,,,,,,,,,,,,,,,,,,,,,,,,,,,Very Negetive,,
,,,,,,,,,,,,,,,,,,,,,,,,,,,,,,,,,,,,,,,,,,,,,,,,,,,,,,,,,,,,,,,,,,,,,,,,,,,,,,,,,,,,,,,,,,,,,,,,,,,,,,,,,,,
october week 1,,,,,,,,,,,,,,,,,,,,,,,,,,,,,,,,,,,,,,,,,,,,,,,,2050,,900,,,,,,,,,,,,,,,,,,,,,,,,,,,,,,100,,,,,,,,,,,,,6750,,,,,,,,,,,,Neutral,,
october week 2,,,,,,,,,,,,,,,,,,,,100,,,,,,,,,,,,,,,,,,,,,,,,,,,,,,,,,,,,,,,,,,,,,2300,,,,,,,,,,,,,1700,,100,,,,,,,,,,,,,800,,,,,,,,2600,5100,,,Positive,,
october week 3,,,1500,,800,,,,,,,2200,,,,,,,,,,,,,,,,,,,,,,,,,,,,,,,,,,,,,,350,,,,,,,,,,,,,,,,,,,,,,,,,,,,,,950,,,,,,,,,,,,,,,1100,,,,,3250,,5000,600,,very positive,,
october week 4,,,,,,,,,,,,,,,,,,,,,,,,,,,,,,,,,17250,,800,,,,,,3350,,,,,,,,,,,,,,,,,,,,,,,,100,,,,,,,,,,,,,6900,,1100,,,,,,,,,,,,,,,,,,,,7350,,,,,positive,,
october week 5,,,,,2550,,,,,,,,,,,,,,,,,,,,,,,,,,,26000,,,,,,,,,,,,,,,,4200,,9900,,,,,,,,,,,,,,,,,,,,,,,,,,,,,,,,,,,,,,,,,,,,,,,,,,,,,,,Neutral,,
,,,,,,,,,,,,,,,,,,,,,,,,,,,,,,,,,,,,,,,,,,,,,,,,,,,,,,,,,,,,,,,,,,,,,,,,,,,,,,,,,,,,,,,,,,,,,,,,,,,,,,,,,,,
november week 1,,,,,,,,,,,,,,,,,,,,,,,,,,,,,,,,,,,,,,,,,,,,,,,,,,,,,,,,,,,,,,,,,550,,,,,,,,,,,,,,,,,,,,,,,,,,,,28350,,,,,,,,,,,,positive,,
november week 2,,,,,,,,,,,,,,,,,,,,,,,,,,,,,,,,,,,,,,,,,,,,,,,,,,,,,,,,,,,,,,,,,,,,,,,,,,,,,,,,,,,,,,,,,,,,,3900,,,,,,,,,850,,,Neutral,,
november week 3,,,,,100,,,,,,,,,,,,,,,2100,,,,,,,,,,,,,,,,,,,,,,,,,,,,1150,,300,,,,,,,,,,,,,,,100,,,,,,,,,,,,,,,,,,,,,,,,,,,,,,,,,,,,,,,,positive,,
november week 4,,,,100,,,,,,,,,,,,,,,,,,,,,,,,,,,,,,,,,,,,,,,,,,,,,,,,,,,,,,,,,,,,,1100,,,,,,,,,,,,,,,,,,,,,,,,,,,,4800,,,,,,,,,,,,Neutral,,
november week 5,,,,,,,,,,,,,,,,,,,,750,,,,,,,,,,,,,8650,,100,,14000,,,,,,,,,,,,,3350,,,,,,,2350,,,,,,,,,,,,,,,,,,,,26950,,,,,,,,,,,,,,,,,,,,,,,,,,,,Very negetive,,
,,,,,,,,,,,,,,,,,,,,,,,,,,,,,,,,,,,,,,,,,,,,,,,,,,,,,,,,,,,,,,,,,,,,,,,,,,,,,,,,,,,,,,,,,,,,,,,,,,,,,,,,,,,
december week 1,,,,,,,,,,,,,,,,,,,,,,,,,,,,,,,,,,,,,,,,,,,,,,,,,,,,,,,,,,,,,,,,,,,,,,,,,,,,,,,,,,,,,,,,,,,,,35850,,,,,,,,,,,,Neutral,,
december week 2,,,,,,,,,,,,,,,,,,,,,,,,,,,,,,,,,,,,,,,,,,,,,,,,,,,,,,,,,,,,,,,,,,,,,,,,,,,,,,2350,,,,,,,,,,,,,,,,,,,,,,,7300,4250,9200,,Very positive,,
december week 3,,,5600,3650,250,,,,,1500,,5700,800,,,,,,,,,,,,,,,,,,,,,,10150,,,,,,,,,,,,,,,,,,,,,,,,,,,,,,,,,,,,3400,6950,,,,,,,,,,,,,,,,,,,,,,,,,,,,,,,,,Positive,,
december week 4,1900,,,,,,,,,,,,,,,,,,,,,,,,,,,,,,,,,,,,,,,,,,,,,,,,,4850,,,,,,,,,,,,,,,,,14000,,,,,,,,,,,,,,,,,,,,,,,,,,,,,,,,,,,,,,Positive,,
december week 5,,38100,,,,,,13400,,,,,,,,,,,,100,,,,,,,,,,,,,,,,,,,,,,,,,,,,,,,,,,,,,,,,,,,,,,,,,,,,,,,,,,,,,,,,,,,,,,,,,,,,,,,,,,,,,Very positive,,
,,,,,,,,,,,,,,,,,,,,,,,,,,,,,,,,,,,,,,,,,,,,,,,,,,,,,,,,,,,,,,,,,,,,,,,,,,,,,,,,,,,,,,,,,,,,,,,,,,,,,,,,,,,
Jan week 1,,,,,,,,8800,,,15950,5500,10750,,,,,,,,,,,,,,,,,,,,,,,,,,,,,,,,,,,,,,,,,,,,400,,,,,,,,,,,,,,,,,,,,,,,,,,,,,,,,,,,,,,,,,,,,,,,,very positive,,
Jan week 2,,,,,,,,,,,,,,,,,,,,,,,,,,,,,,,,,22800,,,,,,,,,,,,,,,,,,,,,,,,,,,,,,,,,,,,,,,,,,,,,,,,,,,,,,,,,,,,,,1150,,,,,,5500,3550,,,very positive,,
Jan week 3,,,1700,,,,,,,,,,,,,,,,,,,,,,,,,,,,,,,,,,,,,,,,,,,,,1250,,,,,,,,,,,,,,,,,,,,,,,,,,,,,,,,,,,,,,,,,,,,,11950,,,,,,,,,,,,Negetive,,
Jan week 4,,,,,,,,,,,,,,,,,,,,,,,,,,,,,700,,,,,,,,,,,,,,,,,,,,,,,,,,,,,,,,,,,,,,,,,,,,,,,,,,,,,14000,,,,,,,,,,29600,,,,,,,,5650,,,,,Neutral,,
Jan week 5,,,,,,28300,,,,,,,,,,,,2650,,,,,,,,,,,,,,,8850,,,,,,,,,,,,,,,,,,,,,,,,,,,,,,,,,,,,,,,,,,,,,,,,,,,,,,,,,,,,,,,,,,,,,,,,Negetive,,
,,,,,,,,,,,,,,,,,,,,,,,,,,,,,,,,,,,,,,,,,,,,,,,,,,,,,,,,,,,,,,,,,,,,,,,,,,,,,,,,,,,,,,,,,,,,,,,,,,,,,,,,,,,
Feb week 1,,,,,,,,,,,,,,,,,,,,,,,,,,,,,,,,,,,,,,,,,,,,,,,,,,,,,,,,,,,,,,,,,,,,,,4750,,3250,,,,,,,,,,,,,,,,,,,,,10600,,,,,,,,4150,,,,Positive,,
Feb week 2,,,,,1500,,,,,,550,,,,,,,,,11300,,,,,,,,,,,,,,,,,,,,,,,,,,,,,,,,,,,,,,,,,,,,,,,,,,,,,,,,,,,,1100,,,,,,,1200,,,,,,,,,,,,,9400,,,,,Positive,,
Feb week 3,,,,,,,,,,250,,,,,,,,,,,,,,,,,,,,,,,,,,,,,,,,,,,,,,,,650,,,,,,8650,,,,,,,,,,,,,,,,,,,,,,,,,,,,,,,,,,,,,,,,,,,,,,,,,positive,,
Feb week 4,,,,2300,100,,,,,,,,,,,,,,6350,100,,14000,,,,,,,,,,,,,,,,,,,,,,,,,,,,,,,,,,,,,,,,,,,,,,,,,,,,,,,,,,,,,,,,,,,,,,,,,,,,,,,,,,,positive,,
Feb week 5,,,,,,,,,,,,,,,,,,,,,,,,,,,,,,,,,11500,,,26650,,,,,,,,,,,31400,,,,,,,,,,,,,,,,,,,,,,,,,,,,,,,,,,,,,,,,,,,,,,,,,,,,,,,,,,negetive,,
,,,,,,,,,,,,,,,,,,,,,,,,,,,,,,,,,,,,,,,,,,,,,,,,,,,,,,,,,,,,,,,,,,,,,,,,,,,,,,,,,,,,,,,,,,,,,,,,,,,,,,,,,,,
march week 1,,,,,,,,,,,,,,,,,,,,,,,,,,,,,,,,,,,,,,,,,,,,,,,,,,,,,,,,,,,,,,,,,,,,,,,,,,,,,,,,,,,,,,500,,,,,,,,,,,,,,,,,,,Negetive,,
march week 2,,,,,,,,,,,,,,,,,,,,,,,,,,,,,,,,,,,,,,,,,,,,,,,,,,,,,,,,,,,,,,,,,,,,,,,,,,,,,,,,,,,,,,,,,,,,,800,,,,,,,,,2300,,1700,positive,,
march week 3,,,1150,,1050,,,,,,,,100,,,,,1600,,1350,,,,,,,,,,,,,15200,,1500,,,,,,,6600,,,,,,900,,,,,,,,,1700,100,,,,,,,100,,,,,,,,,,,,,,,,,,,,,,,,,,,,,,,,,,,,,,,,positive,,
march week 4,,,,,,,,,,,,,,,,,,,,,,,,,,,,,,,,,,4600,,,,,,,,,,,,,,,,,,,,,,,,,,,,,,,,,,,,,,,,,,,,10000,650,,,,,,,,,,,,,,,,,,,,,,,,,,positive,,
march week 5,,,,,1450,,,,,,,,,,,,,800,,650,,,,,,,,,,,,,,,,,14000,,,,,,,,,,,,,,29600,,,,,,,,,,,,,,,,,,,,,,,,,,,,,,,,,,8800,,,,,,,35300,,,,,,,,,,,,,negetive,,
,,,,,,,,,,,,,,,,,,,,,,,,,,,,,,,,,,,,,,,,,,,,,,,,,,,,,,,,,,,,,,,,,,,,,,,,,,,,,,,,,,,,,,,,,,,,,,,,,,,,,,,,,,,
april week 1,,,,,,,,,,,,,,,,,,,,,,,,,,,,,1100,,,,25350,,6550,,,,,,7300,4300,14000,,,,,,,,,,,,,,,,,,,,,,,,,,,,,,,,,,,,,,,,,,,,,,,,,,,,,,,4850,,,1900,,,,positive,,
april week 2,,,,,5250,,,,,,,,,,,,,,,,,,,,,,,,,,,,,,,,,,,,,,,,,,,2200,,100,,,,,,3650,,,,,,,,,,,,,,,,,,,,,,,,,,,,,,,,,,,,,,,2100,,,,,,,,,,Very positive,,
april week 3,,,800,,900,,,,,3450,,,,,,,,,,,,,,,,,,,,,,,,,,,,,,,,,,1900,,,,,,,,,,,,,,,,,,,,1350,100,,,,,,,1500,,,,,,,,,,,,,,,,,,,,,,,,,,,,,,,,,Very positive,,
april week 4,,,,,,,,,,,,,,,,,,,,,,,,,1300,1800,,,,,,,,,,,,,,,,,,,,,,,,,,,,,,,,,,,,,,,,,,,,,,,,,,,,,,,,14000,,,,,,,,,,44300,,,4900,25700,,,,,,,,,positive,,
april week 5,,,,,,,,,,4050,4650,,,,,,,1300,,400,,,,,,,,,,,,,,,,,,,,,,,,,,,,,,,,,,,,,,,,,,,,,,,,,,,,,,,,,,,,,,,,,,,,,,,,,,,,,,,,,,,,,positive,,
,,,,,,,,,,,,,,,,,,,,,,,,,,,,,,,,,,,,,,,,,,,,,,,,,,,,,,,,,,,,,,,,,,,,,,,,,,,,,,,,,,,,,,,,,,,,,,,,,,,,,,,,,,,
may week 1,,,,,,,,,,,,,,,,,,,,,,,,,,,,,,,,,21250,,,,,,,,,,,,,,,,,,,,,,,,,,,,,,,,1550,,,,,,,,,,,,,,,,,,,,,,,,,,,,4350,,,,,,,,,,,,Neutral,,
may week 2,,,,,,,,,,,,,,,,,,,,,,,,,,,,,,,,,,,,,,,,,,,,,,,,,,550,,,,,,,,,,,,,,,,,,,,,,,,,,,,1810,,600,,,,,2900,,,,,,,,,,,,,,,,,,,,Neutral,,
may week 3,,,2200,,,,,,,,,,,,,,,,,,,,,,,,,,,,,,,,,,,,,,,,,,,,,,,,,,,,,,,,,,,,1700,,,,,,,,,,,,,,,,,,,,,,,,,,,,,,9000,,3350,,,,,,8300,,,,Very positive,,
may week 4,,,,,,,,,,,,,,,,,,,,,,,,,,,,,,,,,,,,,,,,,,,,,,,,1950,,,,,,,7300,,,,,,,,,,800,,,,,,,600,,,,,,800,,2500,,,,,,,,,,,,,,,,,,,,9700,2200,,,,Very positive,,
may week 5,,,1150,,,,14000,,,,,,,,,,,,,9850,,,,,,,,,,,,29250,,,,,,,,,,,,,,,,,,100,,,,,,,,,,,,,,,,,,,,,,,,,,,,,,,,,,,,,,,,,,,,,,,,,,,,,,,Very positive,,
,,,,,,,,,,,,,,,,,,,,,,,,,,,,,,,,,,,,,,,,,,,,,,,,,,,,,,,,,,,,,,,,,,,,,,,,,,,,,,,,,,,,,,,,,,,,,,,,,,,,,,,,,,,
june week 1,,,,,,,,,,,,,,,,,,,,,,,,,,,,,,,,,,,,,,,,,,,,,,,,,,,,,,,,,,,,,,,,,,,,,,,,,,,,,,,,,,,,,,,,,,,,,17800,,,,,,,,,,,,Very positive,,
june week 2,,,,,,,,,,,,,,,,,,,,,,,,,,,,,,,,,,,,,,,,,,,,,,,,,,,,,,,,,,,,,,,,,,,,,,,,,,,,,,,,,,,,,,,,,,,,,,,3450,,,,,,11550,4950,,,Very positive,,
june week 3,,,2700,,400,,,,,,,,,,,,,1700,9150,,,,,,,,,,,,,,,,100,,,,,,,,,,,,,,,,,,,,,,,,,,,,,,1320,,,,,,,,,,,,,,,,,,,,,,,,,,,,,,,,,,,,,,,,Negetive,,
june week 4,,,,,,,,,,,,,,,,,,,,,,,,,,,,,,,,,,,,,,,,,,,,,,,,,,,,,,,,,,,,,,,2150,,1350,,,,,,,,,,,,,,,,,,,,,,,,,,,,850,,,,,,,,,,,,Neutral,,
june week 5,,,1300,,,,,,,900,,,,,,,,,,,,,,,,,,,,,,,,,300,,,,,,,,,,,,,,,,,14000,,,,,,,,,,,,,1250,,,,,,,100,,,,,,13000,,,,,,,,,,,,,,31650,,,,,,,,,,,,,Neutral,,
,,,,,,,,,,,,,,,,,,,,,,,,,,,,,,,,,,,,,,,,,,,,,,,,,,,,,,,,,,,,,,,,,,,,,,,,,,,,,,,,,,,,,,,,,,,,,,,,,,,,,,,,,,,
july week 1,,,1100,,1900,,,,,,,,,,,,,900,,,,,,,,,,,,,,,15600,,,,,,,,,,,,,,,,,,,,,,,,,,,,,,,,,,,,,,,,,,,,,,,,,,,,,,,,,,,,,,750,,,,,,,,,,positive,,
july week 2,,,,,,,,,,,,,,,,,,,,2050,,,,,,,,,,,,,,,,,,,,,,,,,,,,,,,,,,,,,,,,,,,,,550,,,,,,,,,,,,,,,,,,,,,,,,,,,,,,1000,,,,,,,,,,positive,,
july week 3,,,,,1120,,,,,,,,,,,,,,,,,,,,,,,,,,,,1750,,,,,,,,,,,,,,,1950,,,,,,,,,,,,,,,,,,,,,,,,,,,,,,,,,,,,,,,,,,,,,,,,,,,,,,,,,very positive,,
july week 4,,,,,850,,,,,,,,,,,,,,,,,,,,,,,,,,,,,,,,,,,,,,,,,,,,,,,,,,,,,,,,,,,,450,,,,,,,,,,,,,,,,,14000,,,,,,,,,,,,,100,,,,,,,,,,Neutral,,
july week 5,,,,,,,,,,,,,,,,,,,,,,,,,,,,,,,,34550,8200,,,,,,,,,,,,,,,,,,,,,,,,,,,,,,,,,,,,,,,,,,,,,,,,,,,,,,,,,,,,,,,,,,,,,,,,Neutral,,
,,,,,,,,,,,,,,,,,,,,,,,,,,,,,,,,,,,,,,,,,,,,,,,,,,,,,,,,,,,,,,,,,,,,,,,,,,,,,,,,,,,,,,,,,,,,,,,,,,,,,,,,,,,
august week 1,,,,,,,,,,,,,,,,,,,,,,,,,,,,,,,,,,,,,,,,,,,,,,,,,,,,,,,,,,,,,,,,,,,,,,,,,,,,,,,,,,,,,,,,,,,,,,,400,,,,,,100,7550,,,Very positive,,
august week 2,,,,,100,,,,,,7450,,,,,,,,,7850,,,,,,,,,,,,,,,,,,,,,,,,,,,,,,,,,,,,,,,,,,,,,,,,,,,,,,,,,,1000,,,,,,,,,,,,,,,12300,,100,,,,,,,,,,Negetive,,
august week 3,,,,,,,,,,,,,,,,,,,,,,,,,,,,,,,,,1100,,100,,,,,,,,,,,,,1850,,,,,,,,,,,,,,,,,550,,,,,,,,,,,,,,,,,,,,,,,,,,,,,,,,,,,,,6050,,,Positive,,
august week 4,,,,,4650,,,,,,6650,,,,,,,,,,,,,,,,,,,,,,,,,,,,,,,,,,,,,,,,,,,,,,,,,,,,,,,,,,,,,,,,,,,,,,,,,,,,,,,,,,,,1070,,,,,,,,,,Positive,,
august week 5,,,,,,,,,,,,,,,,,34650,,7350,,,14000,,,,,,,,,,,,,,,,,,,,,,,,,,,,,,,,,,,,,,,,,,,600,,,,,,,,,,,,,5600,,,,,,,,,,,,,,,,,,,,,,,,,,,Neutral,,
,,,,,,,,,,,,,,,,,,,,,,,,,,,,,,,,,,,,,,,,,,,,,,,,,,,,,,,,,,,,,,,,,,,,,,,,,,,,,,,,,,,,,,,,,,,,,,,,,,,,,,,,,,,
september week 1,,,,,,,,,,,,,,,,,,,,,,,,,,,,,,,,,,,,,,,,,,,,,,,,,,,,,,,,,,,,,,,,,,,,,,,,,,,,,,,,,,,,,,,,,,,,,8700,,3500,,,,,,,,,,Neutral,,
september week 2,,,,,,,,,,,,,,,,,,,,,,,,,,,,,,,,,,,,,,,,,,,,,,,,,,900,,,,,,,,,,,,,,,,,,,,,,,,,,,,,,,,,,,,,,,,,,,,,1250,,,,,,,,,,Positive,,
september week 3,,,,100,,,,,,,,,,,,,,,,,,,,,5200,,,,,,,,10350,,900,,,,,,,,,,,,,,,,,,,,,,,,,,,,800,,400,,,,,,,1850,,,,,,,,3000,,,,,,,,,,,,,,,,,,,,,,,,,Negetive,,
september week 4,,,,,,,,,,,,,,,,,,,,,,,,,,,,,,,,,,,,,,,,,,,,,,,,28000,,,,,,,,,,,,,,,,,,,14000,,,,,,,,,,,,,1700,,,,,,,,,,,,,,,450,,,,,,,,,,Neutral,,
september week 5,,21150,,,,,,,,5750,,,,,,,,,,,,,,,,,,,,,,,,,,,,,,,,,,,,,,,,,,,,,,,,,,,,,,,,,,,,,,,,,,,,,,,,,,,,,,,,,,,,,,,,,,,,,,,Very Negetive,,
,,,,,,,,,,,,,,,,,,,,,,,,,,,,,,,,,,,,,,,,,,,,,,,,,,,,,,,,,,,,,,,,,,,,,,,,,,,,,,,,,,,,,,,,,,,,,,,,,,,,,,,,,,,
october week 1,,,,,,,,,,,,,,,,,,,,,,,,,,,,,,,,,,,,,,,,,,,,,,,,3000,,100,,,,,,,,,,,,,,,,,,,,,,,,,,,,,,350,,,,,,,,,,,,,6700,,,,,,,,,,,,Neutral,,
october week 2,,,,,,,,,,,,,,,,,,,,2250,,,,,,,,,,,,,,,,,,,,,,,,,,,,,,,,,,,,,,,,,,,,,100,,,,,,,,,,,,,1050,,100,,,,,,,,,,,,,3150,,,,,,,,5400,5650,,,Positive,,
october week 3,,,1500,,950,,,,,,,500,,,,,,,,,,,,,,,,,,,,,,,,,,,,,,,,,,,,,,100,,,,,,,,,,,,,,,,,,,,,,,,,,,,,,450,,,,,,,,,,,,,,,1950,,,,,2300,,7300,2700,,very positive,,
october week 4,,,,,,,,,,,,,,,,,,,,,,,,,,,,,,,,,16600,,2250,,,,,,550,,,,,,,,,,,,,,,,,,,,,,,,700,,,,,,,,,,,,,6550,,350,,,,,,,,,,,,,,,,,,,,10150,,,,,positive,,
october week 5,,,,,2500,,,,,,,,,,,,,,,,,,,,,,,,,,,25150,,,,,,,,,,,,,,,,2650,,8850,,,,,,,,,,,,,,,,,,,,,,,,,,,,,,,,,,,,,,,,,,,,,,,,,,,,,,,Neutral,,
,,,,,,,,,,,,,,,,,,,,,,,,,,,,,,,,,,,,,,,,,,,,,,,,,,,,,,,,,,,,,,,,,,,,,,,,,,,,,,,,,,,,,,,,,,,,,,,,,,,,,,,,,,,
november week 1,,,,,,,,,,,,,,,,,,,,,,,,,,,,,,,,,,,,,,,,,,,,,,,,,,,,,,,,,,,,,,,,,550,,,,,,,,,,,,,,,,,,,,,,,,,,,,25500,,,,,,,,,,,,positive,,
november week 2,,,,,,,,,,,,,,,,,,,,,,,,,,,,,,,,,,,,,,,,,,,,,,,,,,,,,,,,,,,,,,,,,,,,,,,,,,,,,,,,,,,,,,,,,,,,,6200,,,,,,,,,100,,,Neutral,,
november week 3,,,,,1200,,,,,,,,,,,,,,,1300,,,,,,,,,,,,,,,,,,,,,,,,,,,,2000,,400,,,,,,,,,,,,,,,400,,,,,,,,,,,,,,,,,,,,,,,,,,,,,,,,,,,,,,,,positive,,
november week 4,,,,550,,,,,,,,,,,,,,,,,,,,,,,,,,,,,,,,,,,,,,,,,,,,,,,,,,,,,,,,,,,,,550,,,,,,,,,,,,,,,,,,,,,,,,,,,,3500,,,,,,,,,,,,Neutral,,
november week 5,,,,,,,,,,,,,,,,,,,,100,,,,,,,,,,,,,6500,,1950,,14000,,,,,,,,,,,,,2350,,,,,,,1050,,,,,,,,,,,,,,,,,,,,28550,,,,,,,,,,,,,,,,,,,,,,,,,,,,Very negetive,,
,,,,,,,,,,,,,,,,,,,,,,,,,,,,,,,,,,,,,,,,,,,,,,,,,,,,,,,,,,,,,,,,,,,,,,,,,,,,,,,,,,,,,,,,,,,,,,,,,,,,,,,,,,,
december week 1,,,,,,,,,,,,,,,,,,,,,,,,,,,,,,,,,,,,,,,,,,,,,,,,,,,,,,,,,,,,,,,,,,,,,,,,,,,,,,,,,,,,,,,,,,,,,33050,,,,,,,,,,,,Neutral,,
december week 2,,,,,,,,,,,,,,,,,,,,,,,,,,,,,,,,,,,,,,,,,,,,,,,,,,,,,,,,,,,,,,,,,,,,,,,,,,,,,,900,,,,,,,,,,,,,,,,,,,,,,,5850,3400,8850,,Very positive,,
december week 3,,,3450,4800,900,,,,,3300,,3050,700,,,,,,,,,,,,,,,,,,,,,,10000,,,,,,,,,,,,,,,,,,,,,,,,,,,,,,,,,,,,5600,4950,,,,,,,,,,,,,,,,,,,,,,,,,,,,,,,,,Positive,,
december week 4,4200,,,,,,,,,,,,,,,,,,,,,,,,,,,,,,,,,,,,,,,,,,,,,,,,,5700,,,,,,,,,,,,,,,,,14000,,,,,,,,,,,,,,,,,,,,,,,,,,,,,,,,,,,,,,Positive,,
december week 5,,35700,,,,,,14500,,,,,,,,,,,,1050,,,,,,,,,,,,,,,,,,,,,,,,,,,,,,,,,,,,,,,,,,,,,,,,,,,,,,,,,,,,,,,,,,,,,,,,,,,,,,,,,,,,,Very positive,,
december week 5,,35700,,,,,,14500,,,,,,,,,,,,1050,,,,,,,,,,,,,,,,,,,,,,,,,,,,,,,,,,,,,,,,,,,,,,,,,,,,,,,,,,,,,,,,,,,,,,,,,,,,,,,,,,,,,Very positive,,
